Second,Volume (dB)
0,-21.2
1,-7.1
2,-9.4
3,-9.5
4,-7.3
5,-10.7
6,-10.5
7,-9.9
8,-4.4
9,-6.7
10,-5.1
11,-7.6
12,-5.1
13,-5.5
14,-7.6
15,-5.9
16,-7.1
17,-5.7
18,-3.7
19,-5.3
20,-7.7
21,-10.2
22,-5.9
23,-7.7
24,-8.8
25,-10.7
26,-4.1
27,-6.9
28,-4.8
29,-8.0
30,-4.7
31,-4.7
32,-4.8
33,-9.3
34,-5.0
35,-4.2
36,-6.2
37,-6.0
38,-7.1
39,-8.1
40,-4.5
41,-5.2
42,-7.4
43,-9.3
44,-8.4
45,-5.3
46,-4.0
47,-6.4
48,-3.5
49,-7.2
50,-5.2
51,-8.1
52,-3.6
53,-4.9
54,-4.0
55,-5.0
56,-4.1
57,-4.4
58,-8.1
59,-4.7
60,-4.9
61,-5.1
62,-7.2
63,-2.4
64,-2.6
65,-4.1
66,-1.2
67,-5.1
68,-4.3
69,-6.5
70,-2.7
71,-3.4
72,-2.8
73,-5.0
74,-3.7
75,-3.0
76,-4.7
77,-5.1
78,-4.6
79,-4.6
80,-2.2
81,-4.9
82,-1.0
83,-3.4
84,-4.4
85,-4.7
86,-4.3
87,-5.6
88,-5.4
89,-6.2
90,-4.1
91,-2.4
92,-3.4
93,-6.4
94,-5.7
95,-6.0
96,-2.3
97,-3.9
98,-4.4
99,-4.4
100,-4.7
101,-5.0
102,-4.2
103,-7.1
104,-7.5
105,-4.6
106,-3.5
107,-5.6
108,-5.9
109,-7.0
110,-10.6
111,-8.4
112,-11.4
113,-8.2
114,-10.0
115,-5.5
116,-6.4
117,-2.9
118,-5.1
119,-4.7
120,-4.3
121,-5.5
122,-6.3
123,-7.9
124,-6.3
125,-6.1
126,-3.8
127,-5.9
128,-8.7
129,-5.3
130,-4.8
131,-7.8
132,-7.0
133,-9.2
134,-10.0
135,-7.6
136,-2.1
137,-2.7
138,-2.5
139,-4.1
140,-4.7
141,-4.8
142,-5.6
143,-4.6
144,-2.9
145,-4.6
146,-4.9
147,-4.3
148,-6.3
149,-5.2
150,-3.4
151,-2.3
152,-0.9
153,-5.3
154,-3.7
155,-2.9
156,-5.1
157,-5.4
158,-5.7
159,-7.1
160,-3.9
161,-4.9
162,-4.3
163,-6.0
164,-5.8
165,-6.2
166,-4.2
167,-3.4
168,-4.8
169,-4.4
170,-4.4
171,-5.3
172,-2.6
173,-6.9
174,-5.1
175,-2.9
176,-4.0
177,-6.1
178,-6.4
179,-9.1
180,-9.8
181,-8.5
182,-9.5
183,-7.9
184,-10.0
185,-9.4
186,-11.2
187,-9.1
188,-9.9
189,-10.0
190,-12.6
191,-13.5
192,-22.8
193,-20.7
194,-26.6
195,-29.3
196,-30.0
197,-28.8
198,-28.7
199,-29.5
200,-28.5
201,-25.0
202,-29.7
203,-10.9
204,-6.9
205,-11.5
206,-23.9
207,-10.8
208,-14.9
209,-25.7
210,-12.2
211,-14.9
212,-15.4
213,-10.2
214,-7.0
215,-7.7
216,-6.0
217,-11.3
218,-11.5
219,-5.6
220,-7.6
221,-8.1
222,-8.1
223,-8.0
224,-9.5
225,-6.9
226,-8.4
227,-5.2
228,-4.3
229,-5.8
230,-6.6
231,-6.9
232,-5.6
233,-7.7
234,-10.0
235,-5.4
236,-7.7
237,-4.5
238,-8.4
239,-8.1
240,-6.3
241,-5.9
242,-5.3
243,-5.8
244,-3.8
245,-4.5
246,-4.4
247,-4.7
248,-3.8
249,-5.3
250,-5.6
251,-7.1
252,-7.6
253,-4.2
254,-6.1
255,-7.1
256,-7.1
257,-6.4
258,-5.0
259,-6.4
260,-7.5
261,-5.0
262,-6.7
263,-6.1
264,-6.0
265,-6.7
266,-7.0
267,-7.3
268,-7.9
269,-5.6
270,-5.5
271,-7.4
272,-8.3
273,-5.9
274,-6.8
275,-4.4
276,-4.8
277,-3.6
278,-5.3
279,-6.0
280,-7.1
281,-4.9
282,-5.3
283,-7.0
284,-5.3
285,-7.1
286,-8.7
287,-6.1
288,-5.5
289,-6.8
290,-8.4
291,-6.4
292,-4.3
293,-6.2
294,-8.6
295,-5.3
296,-5.0
297,-6.8
298,-7.6
299,-6.7
300,-6.1
301,-4.1
302,-6.8
303,-5.7
304,-8.5
305,-6.7
306,-8.3
307,-7.0
308,-6.1
309,-6.0
310,-4.7
311,-8.8
312,-4.4
313,-4.3
314,-4.3
315,-4.2
316,-2.8
317,-5.3
318,-5.5
319,-8.0
320,-13.9
321,-7.9
322,-8.0
323,-7.1
324,-7.4
325,-7.5
326,-7.3
327,-7.7
328,-8.5
329,-9.3
330,-6.9
331,-8.8
332,-8.2
333,-5.4
334,-7.0
335,-9.6
336,-8.2
337,-8.6
338,-8.8
339,-11.3
340,-7.2
341,-8.9
342,-7.7
343,-10.7
344,-11.4
345,-6.3
346,-5.8
347,-6.3
348,-6.7
349,-6.6
350,-5.0
351,-5.8
352,-5.9
353,-6.9
354,-4.9
355,-4.1
356,-5.6
357,-8.1
358,-6.3
359,-5.5
360,-5.4
361,-6.9
362,-8.8
363,-3.2
364,-5.4
365,-5.1
366,-5.3
367,-4.1
368,-3.6
369,-3.4
370,-5.7
371,-5.3
372,-5.2
373,-3.8
374,-4.5
375,-4.5
376,-5.0
377,-2.9
378,-4.6
379,-4.1
380,-4.4
381,-4.4
382,-4.9
383,-6.3
384,-7.5
385,-6.6
386,-9.1
387,-5.1
388,-7.9
389,-9.4
390,-13.0
391,-22.4
392,-15.2
393,-21.8
394,-18.3
395,-22.2
396,-20.7
397,-23.2
398,-24.7
399,-28.3
400,-27.4
401,-31.5
402,-30.4
403,-29.4
404,-32.9
405,-32.8
406,-27.5
407,-6.7
408,-6.6
409,-8.7
410,-6.3
411,-8.3
412,-9.3
413,-7.5
414,-8.1
415,-5.5
416,-7.9
417,-6.1
418,-8.4
419,-4.2
420,-6.2
421,-4.3
422,-5.9
423,-6.7
424,-4.8
425,-5.1
426,-9.8
427,-3.4
428,-6.1
429,-6.0
430,-5.9
431,-8.8
432,-3.7
433,-5.0
434,-5.8
435,-5.5
436,-5.6
437,-4.0
438,-4.8
439,-5.1
440,-5.7
441,-6.0
442,-7.4
443,-2.9
444,-6.6
445,-3.3
446,-6.3
447,-4.6
448,-5.1
449,-7.2
450,-4.9
451,-7.8
452,-6.9
453,-4.8
454,-3.5
455,-4.8
456,-4.0
457,-6.7
458,-4.1
459,-4.8
460,-5.6
461,-5.1
462,-7.2
463,-2.0
464,-4.4
465,-6.0
466,-4.0
467,-5.3
468,-2.2
469,-4.2
470,-6.2
471,-5.0
472,-3.5
473,-3.2
474,-3.3
475,-3.8
476,-5.1
477,-5.1
478,-6.9
479,-5.5
480,-3.8
481,-4.9
482,-3.0
483,-3.6
484,-5.6
485,-5.5
486,-5.5
487,-4.5
488,-5.1
489,-5.2
490,-5.4
491,-5.7
492,-3.5
493,-3.8
494,-1.6
495,-2.1
496,-6.3
497,-6.2
498,-7.4
499,-2.9
500,-5.5
501,-7.9
502,-2.7
503,-6.4
504,-6.8
505,-4.8
506,-4.6
507,-5.7
508,-4.8
509,-3.8
510,-3.5
511,-4.0
512,-3.2
513,-6.7
514,-6.9
515,-4.8
516,-3.9
517,-5.0
518,-4.1
519,-3.7
520,-3.3
521,-4.0
522,-2.5
523,-5.0
524,-1.4
525,-3.3
526,-3.3
527,-4.0
528,-2.5
529,-5.4
530,-3.2
531,-2.4
532,-3.3
533,-3.9
534,-2.8
535,-5.1
536,-4.3
537,-3.8
538,-3.9
539,-2.4
540,-3.8
541,-4.8
542,-2.2
543,-7.4
544,-9.6
545,-18.0
546,-16.5
547,-31.3
548,-34.5
549,-28.8
550,-26.2
551,-35.8
552,-24.6
553,-35.5
554,-6.7
555,-8.2
556,-3.1
557,-6.3
558,-9.0
559,-8.0
560,-5.5
561,-7.9
562,-10.0
563,-9.0
564,-9.5
565,-5.2
566,-4.9
567,-5.8
568,-7.5
569,-9.4
570,-5.9
571,-6.1
572,-5.2
573,-5.5
574,-7.8
575,-4.7
576,-4.2
577,-5.1
578,-4.8
579,-4.9
580,-5.7
581,-3.3
582,-2.6
583,-4.1
584,-4.4
585,-4.3
586,-3.1
587,-3.5
588,-5.6
589,-4.0
590,-4.7
591,-10.0
592,-13.5
593,-10.9
594,-9.7
595,-7.4
596,-5.0
597,-5.3
598,-5.8
599,-7.1
600,-6.9
601,-4.2
602,-5.7
603,-4.2
604,-5.7
605,-7.0
606,-3.4
607,-5.1
608,-5.5
609,-3.9
610,-7.7
611,-5.6
612,-3.3
613,-5.1
614,-3.3
615,-5.9
616,-6.7
617,-3.4
618,-2.3
619,-2.7
620,-3.9
621,-3.8
622,-2.0
623,-3.1
624,-6.6
625,-4.3
626,-5.3
627,-4.1
628,-2.6
629,-5.9
630,-3.5
631,-3.6
632,-7.0
633,-8.8
634,-11.7
635,-6.6
636,-5.4
637,-4.1
638,-4.1
639,-3.3
640,-3.3
641,-6.3
642,-3.5
643,-2.9
644,-4.9
645,-3.5
646,-3.2
647,-6.7
648,-3.2
649,-4.5
650,-3.1
651,-5.3
652,-6.3
653,-3.7
654,-3.6
655,-3.8
656,-4.2
657,-2.5
658,-3.8
659,-2.7
660,-4.0
661,-3.2
662,-6.6
663,-6.8
664,-6.0
665,-5.1
666,-2.4
667,-4.0
668,-3.6
669,-9.2
670,-15.7
671,-12.0
672,-8.1
673,-8.3
674,-3.7
675,-10.3
676,-5.2
677,-7.8
678,-6.1
679,-5.6
680,-4.1
681,-7.7
682,-6.5
683,-11.1
684,-8.8
685,-2.1
686,-4.9
687,-6.0
688,-6.8
689,-5.0
690,-4.4
691,-3.5
692,-4.5
693,-5.9
694,-6.1
695,-5.0
696,-4.3
697,-6.2
698,-5.8
699,-5.4
700,-2.4
701,-3.0
702,-4.4
703,-2.5
704,-4.8
705,-4.0
706,-2.4
707,-4.6
708,-6.9
709,-4.8
710,-2.1
711,-3.0
712,-3.9
713,-4.3
714,-2.4
715,-3.9
716,-6.9
717,-8.5
718,-9.4
719,-7.8
720,-4.4
721,-1.3
722,-4.2
723,-2.4
724,-4.7
725,-5.8
726,-6.9
727,-18.7
728,-22.2
729,-24.9
730,-28.5
731,-33.2
732,-28.3
733,-31.5
734,-28.8
735,-36.6
736,-10.6
737,-7.7
738,-4.7
739,-7.4
740,-6.0
741,-6.3
742,-7.0
743,-2.3
744,-2.1
745,-4.2
746,-5.4
747,-3.0
748,-3.9
749,-3.6
750,-2.3
751,-4.6
752,-5.3
753,-5.6
754,-4.3
755,-3.4
756,-6.9
757,-3.6
758,-5.7
759,-5.8
760,-1.1
761,-4.5
762,-3.2
763,-2.2
764,-5.4
765,-5.2
766,-4.5
767,-4.7
768,-3.0
769,-2.9
770,-4.4
771,-3.5
772,-2.9
773,-4.0
774,-4.0
775,-5.5
776,-3.8
777,-3.5
778,-1.7
779,-3.3
780,-3.7
781,-1.6
782,-3.0
783,-5.7
784,-4.5
785,-5.0
786,-4.8
787,-1.9
788,-4.9
789,-3.4
790,-4.2
791,-5.9
792,-4.2
793,-4.5
794,-6.9
795,-5.3
796,-1.5
797,-4.6
798,-4.6
799,-4.3
800,-3.2
801,-3.9
802,-2.1
803,-3.2
804,-5.1
805,-4.4
806,-4.4
807,-5.4
808,-5.8
809,-4.2
810,-2.8
811,-6.3
812,-0.0
813,-5.8
814,-5.0
815,-3.4
816,-4.8
817,-4.1
818,-3.5
819,-4.8
820,-3.8
821,-2.9
822,-3.4
823,-4.4
824,-3.4
825,-4.5
826,-5.4
827,-3.1
828,-4.9
829,-5.8
830,-5.9
831,-5.6
832,-3.2
833,-5.2
834,-5.3
835,-3.9
836,-5.1
837,-5.5
838,-6.3
839,-6.0
840,-3.0
841,-4.4
842,-5.3
843,-2.8
844,-2.9
845,-4.7
846,-2.6
847,-4.3
848,-2.9
849,-3.5
850,-5.3
851,-3.3
852,-4.9
853,-5.0
854,-2.3
855,-5.7
856,-4.3
857,-3.1
858,-3.8
859,-4.5
860,-4.5
861,-3.9
862,-4.5
863,-3.9
864,-2.2
865,-4.9
866,-4.2
867,-2.8
868,-3.6
869,-3.1
870,-13.6
871,-18.9
872,-22.0
873,-30.4
874,-24.8
875,-36.6
876,-21.9
877,-34.2
878,-30.8
879,-27.1
880,-26.8
881,-31.2
882,-29.6
883,-31.4
884,-27.7
885,-22.3
886,-11.9
887,-9.0
888,-10.1
889,-10.4
890,-8.5
891,-7.5
892,-9.6
893,-9.3
894,-7.0
895,-8.4
896,-9.4
897,-6.5
898,-6.8
899,-9.5
900,-6.2
901,-9.1
902,-12.5
903,-7.0
904,-8.1
905,-7.7
906,-7.0
907,-7.3
908,-8.3
909,-9.5
910,-13.3
911,-12.5
912,-11.0
913,-10.5
914,-10.3
915,-10.1
916,-10.0
917,-7.5
918,-10.2
919,-9.3
920,-6.4
921,-5.6
922,-6.5
923,-8.8
924,-9.4
925,-11.5
926,-6.0
927,-6.5
928,-6.6
929,-7.3
930,-5.9
931,-5.7
932,-6.1
933,-6.2
934,-5.1
935,-8.6
936,-7.2
937,-6.7
938,-5.9
939,-5.6
940,-6.9
941,-6.8
942,-6.9
943,-8.1
944,-7.2
945,-5.7
946,-6.4
947,-8.6
948,-8.0
949,-6.3
950,-5.5
951,-5.1
952,-5.4
953,-6.8
954,-8.5
955,-9.3
956,-6.3
957,-4.9
958,-6.3
959,-6.4
960,-4.6
961,-5.5
962,-5.8
963,-6.1
964,-6.8
965,-6.7
966,-6.6
967,-8.9
968,-4.8
969,-3.4
970,-4.7
971,-7.2
972,-3.6
973,-4.6
974,-4.3
975,-4.8
976,-6.2
977,-3.1
978,-7.7
979,-5.0
980,-4.3
981,-4.5
982,-7.0
983,-4.6
984,-7.2
985,-6.6
986,-6.8
987,-7.0
988,-9.4
989,-11.0
990,0.0
991,-6.1
992,0.0
993,-12.2
994,-9.7
995,-7.8
996,-7.7
997,-4.7
998,-5.9
999,-8.6
1000,-10.2
1001,-9.2
1002,-6.2
1003,-3.9
1004,-5.4
1005,-6.9
1006,-5.4
1007,-5.0
1008,-6.3
1009,-5.5
1010,-6.2
1011,-5.7
1012,-4.3
1013,-4.8
1014,-6.4
1015,-5.7
1016,-4.9
1017,-7.6
1018,-5.2
1019,-5.5
1020,-6.4
1021,-6.4
1022,-7.6
1023,-4.9
1024,-7.8
1025,-5.8
1026,-7.9
1027,-8.5
1028,-14.5
1029,-9.8
1030,-8.0
1031,-9.0
1032,-9.3
1033,-9.9
1034,-12.0
1035,-10.2
1036,-12.4
1037,-11.1
1038,-10.8
1039,-11.4
1040,-8.9
1041,-10.4
1042,-9.6
1043,-11.6
1044,-10.4
1045,-7.2
1046,-10.4
1047,-11.4
1048,-8.6
1049,-10.0
1050,-11.9
1051,-12.1
1052,-13.8
1053,-16.4
1054,-18.8
1055,-19.3
1056,-19.1
1057,-15.7
1058,-19.6
1059,-18.7
1060,-7.9
1061,-11.0
1062,-11.7
1063,-24.7
1064,-20.9
1065,-21.1
1066,-11.1
1067,-11.8
1068,-6.2
1069,-9.7
1070,-10.2
1071,-11.0
1072,-13.0
1073,-8.9
1074,-9.0
1075,-11.3
1076,-6.7
1077,-8.5
1078,-8.7
1079,-8.8
1080,-8.7
1081,-7.1
1082,-7.2
1083,-8.8
1084,-9.9
1085,-10.9
1086,-5.8
1087,-5.8
1088,-7.7
1089,-10.4
1090,-5.3
1091,-5.8
1092,-7.6
1093,-9.8
1094,-5.5
1095,-4.9
1096,-7.5
1097,-7.0
1098,-7.4
1099,-6.5
1100,-8.4
1101,-6.0
1102,-5.7
1103,-3.8
1104,-6.4
1105,-6.1
1106,-7.5
1107,-4.6
1108,-13.4
1109,-4.3
1110,-4.7
1111,-5.0
1112,-6.2
1113,-5.7
1114,-6.2
1115,-7.9
1116,-6.0
1117,-6.9
1118,-5.0
1119,-5.9
1120,-7.5
1121,-8.6
1122,-3.5
1123,-6.8
1124,-6.3
1125,-7.6
1126,-8.2
1127,-10.0
1128,-9.6
1129,-8.2
1130,-9.6
1131,-8.1
1132,-9.1
1133,-9.2
1134,-8.2
1135,-8.1
1136,-7.5
1137,-8.6
1138,-8.6
1139,-10.2
1140,-6.1
1141,-8.3
1142,-7.5
1143,-7.5
1144,-7.3
1145,-11.3
1146,-10.7
1147,-5.2
1148,-8.7
1149,-9.7
1150,-8.0
1151,-5.5
1152,-6.8
1153,-11.5
1154,-5.9
1155,-7.1
1156,-8.9
1157,-9.0
1158,-7.1
1159,-7.8
1160,-6.6
1161,-8.7
1162,-4.6
1163,-4.8
1164,-3.9
1165,-5.3
1166,-6.8
1167,-5.9
1168,-7.8
1169,-5.6
1170,-3.9
1171,-5.4
1172,-6.1
1173,-6.0
1174,-4.7
1175,-4.7
1176,-5.9
1177,-6.0
1178,-6.1
1179,-5.5
1180,-5.6
1181,-8.1
1182,-6.5
1183,-5.0
1184,-7.1
1185,-6.2
1186,-6.8
1187,-7.0
1188,-5.4
1189,-5.2
1190,-7.3
1191,-7.7
1192,-6.3
1193,-7.2
1194,-7.4
1195,-8.8
1196,-7.2
1197,-8.2
1198,-7.9
1199,-5.9
1200,-8.4
1201,-5.9
1202,-7.2
1203,-5.9
1204,-6.5
1205,-7.0
1206,-7.2
1207,-9.5
1208,-8.4
1209,-11.6
1210,-12.8
1211,-9.4
1212,-10.5
1213,-11.8
1214,-12.7
1215,-13.2
1216,-11.4
1217,-13.5
1218,-12.3
1219,-11.1
1220,-13.9
1221,-11.9
1222,-7.8
1223,-7.2
1224,-10.1
1225,-8.1
1226,-6.8
1227,-9.0
1228,-10.4
1229,-5.5
1230,-7.4
1231,-9.7
1232,-8.8
1233,-7.7
1234,-8.3
1235,-8.3
1236,-7.3
1237,-6.0
1238,-7.0
1239,-6.3
1240,-5.5
1241,-7.2
1242,-10.2
1243,-4.5
1244,-6.3
1245,-3.8
1246,-3.4
1247,-6.0
1248,-5.5
1249,-5.8
1250,-5.8
1251,-5.1
1252,-5.6
1253,-3.8
1254,-4.7
1255,-6.3
1256,-6.3
1257,-7.1
1258,-5.4
1259,-5.4
1260,-4.2
1261,-4.3
1262,-4.2
1263,-4.5
1264,-5.5
1265,-6.3
1266,-7.1
1267,-6.6
1268,-5.4
1269,-7.3
1270,-7.3
1271,-6.4
1272,-5.4
1273,-2.1
1274,-5.7
1275,-4.7
1276,-5.1
1277,-4.1
1278,-4.8
1279,-5.6
1280,-4.1
1281,-3.6
1282,-5.9
1283,-2.4
1284,-5.0
1285,-5.9
1286,-5.6
1287,-5.9
1288,-3.7
1289,-5.4
1290,-6.6
1291,-4.8
1292,-3.6
1293,-5.4
1294,-5.4
1295,-5.8
1296,-6.0
1297,-5.0
1298,-5.2
1299,-5.9
1300,-7.6
1301,-6.0
1302,-6.5
1303,-6.5
1304,-8.0
1305,-8.1
1306,-7.7
1307,-9.4
1308,-10.6
1309,-10.3
1310,-10.4
1311,-10.8
1312,-11.1
1313,-10.5
1314,-12.5
1315,-10.0
1316,-12.1
1317,-13.3
1318,-14.1
1319,-13.4
1320,-16.0
1321,-18.3
1322,-10.6
1323,-23.2
1324,-21.8
1325,-23.1
1326,-19.5
1327,-7.9
1328,-13.8
1329,-13.8
1330,-13.6
1331,-11.8
1332,-13.5
1333,-11.9
1334,-12.9
1335,-12.1
1336,-13.9
1337,-11.8
1338,-10.6
1339,-10.5
1340,-12.6
1341,-10.3
1342,-15.0
1343,-10.0
1344,-12.1
1345,-14.8
1346,-10.3
1347,-6.5
1348,-10.8
1349,-5.4
1350,-10.6
1351,-6.4
1352,-9.8
1353,-11.1
1354,-10.8
1355,-11.7
1356,-7.7
1357,-6.2
1358,-8.0
1359,-10.5
1360,-5.7
1361,-6.0
1362,-9.0
1363,-10.5
1364,-8.0
1365,-7.2
1366,-5.7
1367,-7.9
1368,-7.0
1369,-8.1
1370,-8.2
1371,-9.4
1372,-11.4
1373,-12.0
1374,-6.4
1375,-7.2
1376,-5.3
1377,-6.8
1378,-7.3
1379,-8.6
1380,-9.0
1381,-8.9
1382,-12.7
1383,-9.6
1384,-8.8
1385,-7.6
1386,-8.6
1387,-11.5
1388,-6.4
1389,-6.7
1390,-5.8
1391,-9.6
1392,-11.0
1393,-12.2
1394,-8.2
1395,-8.8
1396,-7.7
1397,-9.7
1398,-7.5
1399,-5.9
1400,-7.2
1401,-6.2
1402,-8.1
1403,-6.3
1404,-5.7
1405,-7.4
1406,-7.9
1407,-8.4
1408,-8.3
1409,-7.9
1410,-7.1
1411,-7.4
1412,-8.8
1413,-6.5
1414,-7.5
1415,-7.5
1416,-9.7
1417,-10.6
1418,-11.1
1419,-9.9
1420,-11.3
1421,-12.1
1422,-13.0
1423,-9.8
1424,-9.3
1425,-10.9
1426,-9.6
1427,-11.8
1428,-9.0
1429,-12.0
1430,-10.9
1431,-10.7
1432,-11.4
1433,-9.5
1434,-7.5
1435,-8.4
1436,-9.0
1437,-7.4
1438,-8.1
1439,-8.5
1440,-10.5
1441,-12.4
1442,-6.7
1443,-6.9
1444,-7.5
1445,-6.7
1446,-7.1
1447,-5.0
1448,-8.4
1449,-10.2
1450,-7.1
1451,-6.2
1452,-5.3
1453,-7.9
1454,-7.3
1455,-9.3
1456,-6.6
1457,-8.7
1458,-9.3
1459,-9.6
1460,-8.4
1461,-4.6
1462,-6.0
1463,-7.3
1464,-5.4
1465,-9.7
1466,-9.6
1467,-7.4
1468,-8.6
1469,-9.2
1470,-9.7
1471,-8.4
1472,-7.2
1473,-8.9
1474,-8.7
1475,-4.2
1476,-6.4
1477,-6.4
1478,-8.8
1479,-11.3
1480,-11.1
1481,-7.4
1482,-6.9
1483,-7.8
1484,-7.2
1485,-5.1
1486,-5.8
1487,-5.2
1488,-5.1
1489,-8.0
1490,-4.7
1491,-6.5
1492,-5.9
1493,-7.4
1494,-8.4
1495,-7.1
1496,-6.1
1497,-7.3
1498,-7.6
1499,-7.4
1500,-6.0
1501,-6.0
1502,-5.9
1503,-8.5
1504,-11.4
1505,-13.1
1506,-12.1
1507,-12.4
1508,-11.5
1509,-9.7
1510,-9.2
1511,-9.4
1512,-10.4
1513,-9.2
1514,-8.2
1515,-7.3
1516,-9.1
1517,-10.1
1518,-9.3
1519,-10.5
1520,-9.4
1521,-11.8
1522,-8.1
1523,-9.6
1524,-8.0
1525,-6.6
1526,-5.1
1527,-6.8
1528,-4.8
1529,-9.9
1530,-7.4
1531,-6.1
1532,-11.5
1533,-8.9
1534,-11.6
1535,-10.8
1536,-10.0
1537,-12.2
1538,-8.8
1539,-9.8
1540,-10.1
1541,-8.9
1542,-10.8
1543,-13.4
1544,-15.4
1545,-15.3
1546,-13.9
1547,-15.7
1548,-17.4
1549,-21.4
1550,-20.2
1551,-16.1
1552,-23.5
1553,-14.9
1554,-14.8
1555,-16.3
1556,-15.0
1557,-18.1
1558,-11.2
1559,-10.7
1560,-12.9
1561,-12.2
1562,-12.9
1563,-9.7
1564,-6.1
1565,-6.8
1566,-6.2
1567,-8.4
1568,-7.4
1569,-9.2
1570,-9.9
1571,-5.5
1572,-5.7
1573,-9.2
1574,-12.4
1575,-5.8
1576,-6.6
1577,-8.3
1578,-7.4
1579,-8.3
1580,-8.3
1581,-9.8
1582,-7.9
1583,-5.9
1584,-9.3
1585,-8.9
1586,-14.0
1587,-13.6
1588,-12.0
1589,-10.9
1590,-10.8
1591,-13.2
1592,-12.8
1593,-11.0
1594,-5.8
1595,-6.9
1596,-5.2
1597,-5.8
1598,-6.0
1599,-6.7
1600,-8.0
1601,-4.2
1602,-6.9
1603,-5.0
1604,-5.9
1605,-9.9
1606,-2.7
1607,-5.1
1608,-5.3
1609,-6.2
1610,-5.3
1611,-5.8
1612,-5.0
1613,-7.9
1614,-4.3
1615,-3.7
1616,-2.2
1617,-5.9
1618,-1.8
1619,-3.9
1620,-4.3
1621,-4.5
1622,-3.9
1623,-6.8
1624,-3.4
1625,-2.8
1626,-4.3
1627,-3.8
1628,-3.8
1629,-6.2
1630,-7.9
1631,-4.6
1632,-5.4
1633,-4.6
1634,-5.4
1635,-2.4
1636,-4.8
1637,-5.9
1638,-3.8
1639,-5.7
1640,-4.4
1641,-6.4
1642,-5.8
1643,-2.9
1644,-4.7
1645,-4.8
1646,-6.1
1647,-4.5
1648,-4.1
1649,-4.8
1650,-4.5
1651,-3.5
1652,-6.9
1653,-5.7
1654,-5.6
1655,-7.0
1656,-6.4
1657,-6.4
1658,-7.4
1659,-4.9
1660,-4.2
1661,-6.9
1662,-6.7
1663,-7.6
1664,-4.9
1665,-7.4
1666,-8.6
1667,-5.3
1668,-6.5
1669,-7.9
1670,-8.6
1671,-5.0
1672,-5.5
1673,-5.8
1674,-5.2
1675,-4.8
1676,-5.4
1677,-4.7
1678,-5.0
1679,-4.1
1680,-7.8
1681,-5.0
1682,-4.9
1683,-3.1
1684,-2.9
1685,-4.3
1686,-5.7
1687,-3.3
1688,-4.8
1689,-6.1
1690,-4.9
1691,-4.6
1692,-5.5
1693,-8.5
1694,-3.8
1695,-2.9
1696,-4.8
1697,-4.7
1698,-3.1
1699,-4.2
1700,-3.5
1701,-2.6
1702,-3.9
1703,-3.8
1704,-3.5
1705,-4.8
1706,-3.4
1707,-2.8
1708,-4.4
1709,-2.4
1710,-3.2
1711,-4.0
1712,-3.8
1713,-2.7
1714,-2.8
1715,-2.0
1716,-3.9
1717,-3.7
1718,-4.5
1719,-7.8
1720,-8.4
1721,-11.2
1722,-5.8
1723,-3.5
1724,-5.3
1725,-5.7
1726,-3.2
1727,-5.6
1728,-4.2
1729,-2.8
1730,-4.2
1731,-2.7
1732,-4.7
1733,-5.6
1734,-5.0
1735,-4.6
1736,-5.5
1737,-5.5
1738,-2.5
1739,-3.9
1740,-4.7
1741,-3.3
1742,-2.3
1743,-3.6
1744,-2.9
1745,-4.1
1746,-5.2
1747,-4.0
1748,-4.5
1749,-4.7
1750,-4.2
1751,-6.1
1752,-4.4
1753,-4.0
1754,-4.0
1755,-2.6
1756,-4.4
1757,-5.0
1758,-4.3
1759,-3.2
1760,-4.9
1761,-5.0
1762,-4.0
1763,-6.3
1764,-3.1
1765,-4.5
1766,-5.8
1767,-2.4
1768,-4.6
1769,-5.9
1770,-4.1
1771,-5.4
1772,-4.0
1773,-5.2
1774,-4.7
1775,-2.7
1776,-6.2
1777,-3.4
1778,-10.8
1779,-13.3
1780,-16.1
1781,-23.4
1782,-19.7
1783,-16.1
1784,-21.6
1785,-18.2
1786,-22.4
1787,-25.1
1788,-26.0
1789,-12.0
1790,-15.1
1791,-11.5
1792,-10.4
1793,-15.3
1794,-19.0
1795,-21.4
1796,-18.1
1797,-11.3
1798,-13.2
1799,-9.0
1800,-10.0
1801,-7.4
1802,-8.9
1803,-9.5
1804,-10.0
1805,-8.6
1806,-12.4
1807,-15.2
1808,-13.6
1809,-13.9
1810,-7.5
1811,-7.8
1812,-11.5
1813,-10.6
1814,-12.2
1815,-11.1
1816,-7.5
1817,-8.6
1818,-9.3
1819,-7.8
1820,-11.1
1821,-7.4
1822,-8.9
1823,-8.4
1824,-9.0
1825,-9.0
1826,-12.2
1827,-10.1
1828,-10.1
1829,-14.2
1830,-13.0
1831,-13.6
1832,-7.5
1833,-8.0
1834,-8.9
1835,-9.8
1836,-11.2
1837,-10.3
1838,-6.6
1839,-7.9
1840,-9.6
1841,-8.0
1842,-10.2
1843,-8.3
1844,-6.7
1845,-5.6
1846,-6.7
1847,-5.6
1848,-7.3
1849,-5.6
1850,-5.2
1851,-5.4
1852,-6.2
1853,-6.0
1854,-8.5
1855,-5.4
1856,-3.4
1857,-5.5
1858,-5.6
1859,-5.8
1860,-4.4
1861,-5.7
1862,-5.1
1863,-5.5
1864,-6.2
1865,-6.8
1866,-6.9
1867,-9.9
1868,-11.1
1869,-8.5
1870,-6.7
1871,-5.6
1872,-5.9
1873,-5.6
1874,-6.5
1875,-9.6
1876,-6.3
1877,-10.3
1878,-9.0
1879,-9.8
1880,-8.7
1881,-6.9
1882,-6.6
1883,-7.9
1884,-8.1
1885,-8.9
1886,-10.6
1887,-7.2
1888,-6.1
1889,-5.8
1890,-5.1
1891,-6.9
1892,-5.4
1893,-5.2
1894,-4.8
1895,-6.1
1896,-5.4
1897,-6.0
1898,-5.4
1899,-5.9
1900,-6.6
1901,-9.1
1902,-7.2
1903,-8.0
1904,-6.9
1905,-6.0
1906,-6.6
1907,-5.4
1908,-9.0
1909,-9.1
1910,-5.7
1911,-5.6
1912,-6.8
1913,-6.7
1914,-7.5
1915,-7.2
1916,-4.7
1917,-6.2
1918,-5.2
1919,-6.1
1920,-6.3
1921,-3.9
1922,-4.8
1923,-3.7
1924,-4.7
1925,-3.9
1926,-4.0
1927,-7.4
1928,-5.7
1929,-6.0
1930,-5.6
1931,-5.3
1932,-6.1
1933,-5.1
1934,-5.3
1935,-4.1
1936,-4.8
1937,-3.8
1938,-6.8
1939,-8.0
1940,-10.1
1941,-13.9
1942,-11.9
1943,-7.8
1944,-7.5
1945,-8.4
1946,-7.5
1947,-7.0
1948,-10.5
1949,-8.3
1950,-11.4
1951,-13.5
1952,-11.0
1953,-12.0
1954,-7.1
1955,-6.1
1956,-6.9
1957,-4.3
1958,-10.5
1959,-11.2
1960,-6.8
1961,-5.9
1962,-5.5
1963,-7.1
1964,-6.7
1965,-5.5
1966,-5.1
1967,-5.8
1968,-5.6
1969,-7.2
1970,-6.5
1971,-9.3
1972,-10.3
1973,-11.5
1974,-24.6
1975,-23.2
1976,-22.4
1977,-10.4
1978,-12.2
1979,-10.6
1980,-9.5
1981,-13.9
1982,-12.4
1983,-11.7
1984,-12.6
1985,-11.1
1986,-10.5
1987,-13.9
1988,-10.4
1989,-9.8
1990,-8.3
1991,-9.9
1992,-7.8
1993,-8.6
1994,-13.3
1995,-10.1
1996,-11.3
1997,-13.2
1998,-16.2
1999,-8.7
2000,-10.1
2001,-12.0
2002,-9.1
2003,-8.3
2004,-12.4
2005,-9.9
2006,-10.0
2007,-11.7
2008,-7.3
2009,-10.2
2010,-11.0
2011,-9.4
2012,-11.3
2013,-12.4
2014,-9.0
2015,-7.8
2016,-10.4
2017,-11.4
2018,-13.4
2019,-12.8
2020,-16.4
2021,-11.5
2022,-10.9
2023,-9.3
2024,-14.9
2025,-14.6
2026,-15.6
2027,-14.3
2028,-14.2
2029,-19.7
2030,-16.3
2031,-23.8
2032,-24.0
2033,-18.4
2034,-19.0
2035,-23.4
2036,-21.6
2037,-18.8
2038,-26.1
2039,-24.7
2040,-21.6
2041,-20.0
2042,-13.7
2043,-19.6
2044,-22.0
2045,-21.3
2046,-20.8
2047,-25.8
2048,-23.9
2049,-30.3
2050,-0.9
2051,-21.0
2052,-28.8
2053,-21.4
2054,-27.3
2055,-21.2
2056,-20.2
2057,-24.0
2058,-30.7
2059,-32.6
